id,old_email,new_email,status,note
e5693a75-1096-40de-9cce-301eee01679a,2683894@students.wust,2683894@students.wits.ac.za,skipped,corrected email already in use
889deb29-8ac1-47c7-9954-5e21132bf720,2961355@students.wits,2961355@students.wits.ac.za,skipped,corrected email already in use
3c9df740-256c-4363-ab36-74f1d8c4368f,2614833@students.wits,2614833@students.wits.ac.za,skipped,corrected email already in use
027eee44-8221-4a47-aa55-5483b6371233,3072343@students.wits,3072343@students.wits.ac.za,skipped,corrected email already in use
0c2098c7-602e-47d8-8089-dd989bc04788,2958463@students.wits.ac,2958463@students.wits.ac.za,skipped,corrected email already in use
93394084-b001-4178-b179-a5b675ac1a5a,3033898@students.wits,3033898@students.wits.ac.za,skipped,corrected email already in use
a7834267-77f3-4422-a70d-a59a96246bc9,2801525@students.wits,2801525@students.wits.ac.za,skipped,corrected email already in use
d4886bd7-7b14-45ab-a955-3bdff9fb46db,bnmasuku@icloud.co,bnmasuku@icloud.com,skipped,corrected email already in use
e6197bd2-e996-41a8-b650-7034164d66c6,2672018@students.wits,2672018@students.wits.ac.za,skipped,corrected email already in use
a668d5bd-3725-43d4-bcd7-af10ebe33906,2840807@students.wits.ac,2840807@students.wits.ac.za,skipped,corrected email already in use
883ec489-e88f-4e2e-9ca7-fe3be2eaa988,2542420@students.wits.ac,2542420@students.wits.ac.za,skipped,corrected email already in use
d61804b3-f87e-4b2b-a7f3-a2b35d8d48e8,3090474@students.wits.ac,3090474@students.wits.ac.za,skipped,corrected email already in use
ce16fbb7-1fbb-47d1-9fce-e7d218281241,muanomulega58@gmail.comm,muanomulega58@gmail.com,fixed,
48917d6b-a8a6-42e3-8374-3f17838a89d9,hayanda940@gmail.come,hayanda940@gmail.com,skipped,corrected email already in use
ddcd576c-04c3-4963-a3da-918b11adcc1b,202429899@spu.ac,202429899@spu.ac.za,fixed,
a468e0eb-c5ee-4608-ba3a-c950025b7f42,2691292@students.ac,2691292@students.wits.ac.za,skipped,corrected email already in use
ce621c16-20da-4654-b935-2c49565f1d63,2691292@students.wits,2691292@students.wits.ac.za,skipped,corrected email already in use
c6bf1be8-41da-486d-bde2-97c829111559,2957387@students.wits,2957387@students.wits.ac.za,fixed,
d73af281-8ddd-48a1-b548-abb45fd8cf5f,2974089@students.wits.ac,2974089@students.wits.ac.za,skipped,corrected email already in use
